,File Name,Candidate,Sentence,Propaganda Segment,Loaded_Language,"Name_Calling,Labeling",Repetition,"Exaggeration,Minimisation",Doubt,Appeal_to_fear-prejudice,Flag-Waving,Causal_Oversimplification,Slogans,Appeal_to_Authority,Black-and-White_Fallacy,Thought-terminating Cliches,"Whataboutism,Straw_Men,Red_Herring","Obfuscation,Intentional_Vagueness,Confusion",Num Prop,Propaganda Segments
0,DT_press_release_114.txt,DT,Trump received the endorsement of two true American heroes who fought against all odds in a hostile foreign land to save more than twenty-five American lives,,,,3,,,,,,,,,,,,3.0,"true American heroes, fought against all odds, American"
1,DT_press_release_114.txt,DT,"Mark ""OZ"" Geist and John ""TIG"" Tiegen are two of the individuals responsible for the defense and rescue of dozens of Americans during the terror attacks on the U.S",,,,1,,,,,,,,,,,,1.0,Americans
2,DT_press_release_114.txt,DT,"Trump stated ""I am truly honored to have the support of these American heroes the best of their generation",,,,,,,,1,,,,,,,,1.0,American heroes the best of their generation The American people can know with certainty I will always place their interest above all else I am the most militaristic person
3,DT_press_release_114.txt,DT,The American people can know with certainty I will always place their interest above all else,,,,,,,,2,,,,,,,,2.0,"American people, ""always place their interest above all else I am the most militaristic person and it is so important to me to strengthen our military and protect American families and freedoms."""""""
4,DT_press_release_114.txt,DT,"I am the most militaristic person and it is so important to me to strengthen our military and protect American families and freedoms."" Mark ""OZ"" Geist said ""We perhaps more than any Americans know the absolute and imperative reason that we elect Donald J",,,1,,,,,,,,,,,,,1.0,militaristic person
5,DT_press_release_114.txt,DT,First and foremost under a Trump administration the request for additional security by an ambassador would have been heeded and second there is no question when the attack camehe would have moved heaven and earth to provide the necessary forces to protect and reinforce our warriors,,1,,,,,,,,,,,,,,2.0,"moved heaven and earth, our warriors Mr Trump is the bold decisive leader America needs at this time"
6,DT_press_release_114.txt,DT,"Oz added ""Under President Trump many conflicts will be avoided because our enemies will fear the United States and our military."" John Tiegen added ""It is very clear to see the groundswell of support never seen before in recent politics",,,,,,,,1,,,,,,,,1.0,"""our enemies will fear the United States and our military."""""""
7,DT_press_release_114.txt,DT,Americans want a strong leader one who cares more about the safety and freedom of the American people than he does winning elections or what the press might think,,,,,,,,1,,,,,,,,1.0,Americans want a strong leader one who cares more about the safety and freedom of the American people than he does winning elections or what the press might think
8,DT_press_release_276.txt,DT,"Trumps achievement of exceeding the 1237 delegates needed to clench the Republican nomination:"" ""I congratulate Donald Trump for his primary victory against a field of seventeen formidable candidates",,,,1,,,,,,,,,,,,1.0,formidable candidates
9,DT_press_release_276.txt,DT,The American people made their voices loud and clear,,,,1,,,,,,,,,,,,1.0,The American people made their voices loud and clear They do not want more of the same
10,DT_press_release_276.txt,DT,They do not want more of the same,,,,,,,,1,,,,,,,,1.0,They do not want more of the same
11,DT_press_release_276.txt,DT,Yet as we move to the general election more of the same is exactly what Hillary Clinton offers,,,,1,,,,,,,,,,,,1.0,more of
12,DT_press_release_276.txt,DT,More failed trade deals more failed foreign adventures more lawlessness in our immigration system,,,,,,,,1,,,,,,,,1.0,More failed trade deals more failed foreign adventures more lawlessness in our immigration system
13,DT_press_release_276.txt,DT,Donald Trump on the other hand stood against powerful forces and the conventional thinking of a comfortable establishment to boldly declare that our country is on the wrong track that current policies are not working and that prosperity is steadily slipping away from the American people,,,,,,,,1,,,,,,,,1.0,our country is on the wrong track that current policies are not working and that prosperity is steadily slipping away from the American people
14,DT_press_release_276.txt,DT,His vision provides an historic opportunity to unify our people and break through old battle lines to enable the greatness of America to arise again,,,,,,,,1,,,,,,,,1.0,the greatness
15,DT_press_release_276.txt,DT,Donald Trump cares that working Americans are hurting he understands the policy errors that have caused it to happen and importantly he is determined to use all his strength and skill to get us on the right track again,,,,,,,,1,,,,,,,,1.0,working Americans
16,DT_press_release_276.txt,DT,"""There is so much that must be done – and done before its too late",,,,1,,,,,,,,,,,,1.0,"""""""There is so much that must be done – and done before its too late"""
17,DT_press_release_276.txt,DT,He will finally respect and respond to the American peoples demand for a lawful immigration system that serves Americas interests,,,,,,,,1,,,,,,,,1.0,American
18,DT_press_release_276.txt,DT,A vote for Hillary Clinton is a vote for a failed status quo that for too long has put the special interests ahead of the peoples interests,,,,,,,,,,,,1,,,,1.0,"""A vote for Hillary Clinton is a vote for a failed status quo that for too long has put the special interests ahead of the peoples interests A vote for Donald Trump is a vote for American security sovereignty and prosperity."""""""
19,DT_press_release_276.txt,DT,"Trump and his millions of supporters to make America great again."" ",,,,1,,,,,,,,,,,,1.0,millions of
20,DT_press_release_289.txt,DT,"We no longer feel compelled to work with a publication which has put its need for ""clicks"" above journalistic integrity",,,,2,,,,,,,,,,,,2.0,"We no longer feel compelled to work, ""a publication which has put its need for """"clicks"""" above journalistic integrity """"They have no journalistic integrity and write falsely about Mr Trump Mr Trump does not mind a bad story but it has to be honest"""
21,DT_press_release_302.txt,DT,To date the campaigns fundraising has been incredible and we continue to see a tremendous outpouring of support for Mr,,,,1,,,,,,,,,,,,1.0,incredible
22,DT_press_release_302.txt,DT,"The positive response to our fundraising efforts so far is a further indication that the country does not want yet another corrupt politician like Crooked Hillary."" Mr",,,,,,,,1,,,,,,,,1.0,"""the country does not want yet another corrupt politician like Crooked Hillary."""""""
23,DT_press_release_302.txt,DT,"Our campaign is leaner and more efficient like our government should be."" ",,,,,,,,1,,,,,,,,1.0,our government
24,DT_press_release_316.txt,DT,"After winning the most votes in the history of a Republican primary contest we are taking our messages to the people so that we can Make American Great Again."" ",,,,1,,,,,,,,,,,,2.0,"the most votes in the history of a Republican primary contest, ""we can Make American Great Again."""""""
25,DT_remarks_476.txt,DT,I am going to fight so hard for all of you and I am going to bring back the jobs that have been stripped away from you and your country,,,,1,,,,,,,,,,,,1.0,your country
26,DT_remarks_476.txt,DT,It is going to be a victory for YOU the American people,,,,1,,,,,,,,,,,,1.0,for YOU the American people
27,DT_remarks_476.txt,DT,We are going to take on the special interests the lobbyists and the powerful politicians that have stolen your jobs your wealth and your middle class,,,,1,,,,,,,,,,,,1.0,the special interests the lobbyists and the powerful politicians that have stolen your jobs your wealth and your middle class
28,DT_remarks_476.txt,DT,We are going to take on the arrogant corrupt corporate media that have enabled the global theft of American prosperity – a theft that has left behind crumbling schools roads bridges and a depleted military,,,,,,,,2,,,,,,,,2.0,"the arrogant corrupt corporate media, the global theft of American prosperity"
29,DT_remarks_476.txt,DT,"Everyone knows shes for it because she doesnt believe in protecting American Sovereignty."" Hillary Clinton only believes in protecting one thing: her donors",,,,,,,,,1,,,,,,,1.0,"""she doesnt believe in protecting American Sovereignty."""" Hillary Clinton only believes in protecting one thing"""
30,DT_remarks_476.txt,DT,Hillary Clinton is an insider fighting only for herself and for her donors,,,,1,,,,,,,,,,,,1.0,an insider fighting only for herself and for her donors
31,DT_remarks_476.txt,DT,"""We are the ones who are going to change the system so its fair and just for every American."" We have a movement",,,,,,,,1,,,,,,,,1.0,"""to change the system so its fair and just for every American."""""""
32,DT_remarks_476.txt,DT,The corrupt establishment is panicking because they know how hard it is to stop us,,,,2,,,,,,,,,,,,2.0,"corrupt establishment, panicking"
33,DT_remarks_476.txt,DT,"""The arrogant political class doesnt believe in protecting jobs and wages for Americans."" ""They dont believe in secure borders and strong walls."" ""These Washington and Wall Street insiders dont believe in hiring more police producing more American energy or giving school choice to poor children trapped in failing schools."" ""For decades weve talked about the corruption incompetence and failures of our leaders",,,,,,,,,,,,1,,,,4.0,"""""""They dont believe in secure borders and strong walls."""""", """"""These Washington and Wall Street insiders dont believe in hiring more police producing more American energy or giving school choice to poor children trapped in failing schools."""""", corruption incompetence, our leaders"
34,DT_remarks_476.txt,DT,"If you do this one simple thing you can deliver justice for every single person who has been wronged by the system: show up and vote."" ""When you cast that ballot just picture a Wall Street boardroom filled with the special interests who have been bleeding this county dry and imagine the look on their faces when you tell all of them: youre fired."" In their place will be a new government",,,1,,,,,,,,,,,,,1.0,the special interests who have been bleeding this county dry
35,DT_remarks_476.txt,DT,"So we are going to spell it out for them today."" The large corporations who support terrible trade deals that ship your jobs overseas – they are donating to Hillary Clinton",,,,1,,,,,,,,,,,,1.0,The large corporations who support terrible trade deals that ship your jobs overseas
36,DT_remarks_476.txt,DT,The Wall Street investors who have rigged the regulations against the middle class – they are donating to Hillary Clinton,,,,1,,,,,,,,,,,,1.0,The Wall Street investors who have rigged the regulations against the middle class
37,DT_remarks_476.txt,DT,The wealthy donors who want to shut down American energy – they are donating to Hillary Clinton,,,,1,,,,,,,,,,,,1.0,The wealthy donors who want to shut down American energy
38,DT_remarks_476.txt,DT,13 phones missing several destroyed with a hammer,,,,1,,,,,,,,,,,,1.0,destroyed
39,DT_remarks_476.txt,DT,"So heres my question for Hillary Clinton: can you promise that not one of the five people who were granted criminal immunity will ever be allowed to serve in a Clinton Administration?"" And here is the demand I am making today to President Obama: will you pledge here and now not to issue a pardon to Hillary Clinton and her co-conspirators for their many crimes against our country and society itself? No one is above the law",,,,,,1,,,,,,,,,,3.0,"can you, crimes against our country and society itself, No one is above the"
40,DT_remarks_476.txt,DT,Clinton and her cronies will say anything do anything lie about anything to keep their grip on power – to keep their control over this country,,,,,,,,1,,,,,,,,1.0,keep their control over this country
41,DT_remarks_476.txt,DT,Remember the Clinton pardon of fugitive Marc Rich in exchange for unknown and undisclosed amounts of money? The American people have had it with years decades of Clinton Corruption and scandals,,,,1,,,,,,,,,,,,2.0,"fugitive Marc Rich, The American people have had it with years decades of Clinton Corruption and scandals They are tired of the lies they are tired of the trivial politics they are tired of being talked down to looked"
42,DT_remarks_476.txt,DT,This will be the year the American people say: Enough is enough,,,,,,,,1,,,,,,,,1.0,Enough is enough Hillary Clinton has been a disaster for so many communities
43,DT_remarks_476.txt,DT,Hillary Clinton has been a disaster for so many communities but especially for African-American communities,,,,,,,,1,,,,,,,,1.0,disaster for so many communities
44,DT_remarks_476.txt,DT,I dont think African-Americans are going to come out and vote for Clinton – they are too smart and they know they are being used,,,,,,,,1,,,,,,,,1.0,they know they are being used
45,DT_remarks_476.txt,DT,They also know that shell do nothing for them once the election is over – she never does and that will never change,,,,,,,,2,,,,,,,,2.0,"shell do nothing for, she never does"
46,DT_remarks_476.txt,DT,"Many of them will never forget her calling young African-American men ""super-predators."" To the African-American community let me ask you this question: are you better off than you were eight years ago? If not vote for Donald Trump",,,,1,,,,,,,,,,,,1.0,"""""""super-predators."""""""
47,DT_remarks_476.txt,DT,We are going to pass the biggest tax cut since Ronald Reagan,,,,1,,,,,,,,,,,,1.0,the biggest tax cut since Ronald Reagan Every wasteful and unnecessary regulation
48,DT_remarks_476.txt,DT,The catastrophe known as Obamacare will be repealed and replaced,,,,1,,,,,,,,,,,,1.0,catastrophe known as
49,DT_remarks_476.txt,DT,And the disastrous trade deals like NAFTA that have caused so much pain in Michigan will be renegotiated – and we will bring back your auto-manufacturing,,,,,,,,,,,,1,,,,1.0,disastrous trade deals
50,DT_remarks_476.txt,DT,"""Michigan has lost more than 1 in 3 of its manufacturing jobs since the twin disasters of NAFTA and Chinas entrance into the WTO – both deals pushed by Bill Clinton and supported by Hillary Clinton."" Before NAFTA went into effect there were 280000 auto workers in Michigan",,,,,,,,,,,,1,,,,1.0,disasters
51,DT_remarks_476.txt,DT,"Today the cars are made in Mexico and you cant drink the water in Flint."" Hillary Clinton also gave us the job-killing trade deal with South Korea which has cost this country another 100000 jobs",,,,1,,,,,,,,,,,,1.0,job-killing trade deal
52,DT_remarks_476.txt,DT,"She campaigned right here in Michigan and said the Korea deal ""will hurt the us auto industry increase our trade deficit cost us good middle-class jobs and make America less competitive."" She pledged to reject the deal",,,,,,,,1,,,,,,,,1.0,"""""""will hurt the us auto industry increase our trade deficit cost us good middle-class jobs and make America less competitive."""""""
53,DT_remarks_476.txt,DT,But she lied to all of you just like she lied about her emails,,,,,,1,,,,,,,,,,1.0,"""she lied to all of you just like she lied about her emails Once installed as Secretary of State she supported it and called it a """"cutting-edge deal."""""""
54,DT_remarks_476.txt,DT,"Once installed as Secretary of State she supported it and called it a ""cutting-edge deal."" She rammed it through to adoption – she always does whatever the donors tell her to do no matter how it impacts our families schools and communities",,,,,1,,,,,,,,,,,1.0,she always does whatever the donors tell her to do no matter how it impacts our families
55,DT_remarks_476.txt,DT,Hillary Clinton is merely a vessel for the special interests trying to strip this country of its wealth its jobs and its status as a sovereign nation,,,,,,,,1,,,,,,,,1.0,Hillary Clinton is merely a vessel for the special interests trying to strip this country of its wealth its jobs and its status as a sovereign nation
56,DT_remarks_476.txt,DT,She even supports the disastrous surrender of Americas control of the internet which is happening tomorrow,,,,,,,,,,,,,,1,,1.0,disastrous surrender of Americas control of
57,DT_remarks_476.txt,DT,"Hillary Clintons website says she supports the decision to give away the internet to a ""global community of stakeholders."" Someone needs to inform Hillary Clinton its not the job of our leaders to represent a ""global community."" Its the job of our leaders to represent American citizens",,,,1,,,,,,,,,,,,3.0,"Someone needs, ""its not the job of our leaders to represent a """"global community."""""", Its the job of our leaders to represent American citizens"
58,DT_remarks_476.txt,DT,Losing control of the internet to other foreign entities is just one more way Obama-Clinton have sold out the citizens of this country,,,,,,,,1,,,,,,,,1.0,Obama-Clinton have sold out the citizens of this country Hillary Clinton is a globalist who will never protect the freedom and jobs of the American people
59,DT_remarks_476.txt,DT,Hillary Clinton is a globalist who will never protect the freedom and jobs of the American people,,,,,,,,1,,,,,,,,1.0,Clinton is a globalist who will never protect the freedom and jobs of the American people
60,DT_remarks_476.txt,DT,"Have you ever wondered why it is that all the things that the American people want never seem to happen? ""The reason for this is simple",,,,1,,,,,,,,,,,,1.0,all the things that the American people want never seem to happen
61,DT_remarks_476.txt,DT,"Its because the financial interests who control our politics and our media dont want these changes to happen."" Hillary Clinton has been there for 30 years and has never done anything for you and your family",,,,,,1,,,,,,,,,,1.0,"""Hillary Clinton has been there for 30 years and has never done anything for you and your family """""""
62,DT_remarks_476.txt,DT,"""Just look at how badly she messed up on the Iran deal",,,,,,1,,,,,,,,,,1.0,how badly she messed up
63,DT_remarks_476.txt,DT,"And just today we learned that on the same day as the hostages were released the United States signed an agreement lifting sanctions on two Iranian banks involved in financing Irans missile programs."" Hillary Clinton is there for only one reason to protect her donors and collect their money",,,,,,,,,1,,,,,,,1.0,"""Hillary Clinton is there for only one reason to protect her donors and collect their money """""""
64,DT_remarks_476.txt,DT,"Were trying to disrupt the collusion between the wealthy donors the large corporations and the media executives."" ""Theyre all part of the same corrupt political establishment",,,,1,,,,,,,,,,,,1.0,corrupt political establishment
65,DT_remarks_476.txt,DT,"And they nod along when Hillary Clinton slanders you as deplorable and irredeemable."" I call you hardworking American Patriots and together we are going to save this country",,,,2,,,,,,,,,,,,3.0,"""deplorable and irredeemable."""""", hardworking American Patriots, going to save this country Together we can accomplish anything we want"
66,DT_remarks_476.txt,DT,You have 39 days to make every dream you ever dreamed for your country come true,,,,,,,,1,,,,,,,,1.0,make every dream you ever dreamed for your country come true Do Not
67,DT_remarks_476.txt,DT,You have one magnificent chance to deliver justice for every forgotten man woman and child in this nation,,,,,,,,1,,,,,,,,1.0,one magnificent chance to deliver justice for every forgotten man woman and child
68,DT_remarks_476.txt,DT,will soon come face to face with the righteous verdict of the American voter,,,,1,,,,,,,,,,,,1.0,the righteous verdict
69,DT_remarks_476.txt,DT,On November 8th we are going to show the whole world that America is Back – Bigger and Better and Stronger than ever before,,,,,,,,1,,,,,,,,1.0,America is Back – Bigger and Better and Stronger than ever before
70,DT_remarks_476.txt,DT,Here are just some of the great things that will happen for your country: We are going to lower your taxes; eliminate every unnecessary regulation; repeal and replace job-killing Obamacare; make childcare more affordable; bring our manufacturing jobs back to Michigan; end illegal immigration; keep Radical Islamic terrorists out of our country; save the 2nd amendment; support the men and women of law enforcement; and appoint Justices to the Supreme Court who will uphold and defend the Constitution of the United States,,,,2,,,,,,,,,,,,5.0,"your country, eliminate, job-killing, Radical Islamic terrorists, our country"
71,DT_remarks_476.txt,DT,We will put new American steel into the spine of this country,,,,,,,,1,,,,,,,,1.0,the spine
72,DT_remarks_476.txt,DT,I will fight for every neglected part of this nation – and I will fight to bring us all together as Americans,,,,1,,,,,,,,,,,,1.0,Americans
73,DT_remarks_476.txt,DT,To the people of Michigan I promise you this – We will make America wealthy again,,,,1,,,,,,,,,,,,1.0,We will make America wealthy again We will make America strong again We will make America safe again And we will make America great again
74,DT_remarks_502.txt,DT,Together we are going to deliver real change that puts America First,,,,1,,,,,,,,,,,,1.0,puts America First
75,DT_remarks_502.txt,DT,We are going to renegotiate our terrible trade deals end illegal immigration stop the massive inflow of refugees reduce surging crime cut taxes and regulations lift the restrictions on American energy end common core and repeal and replace the disaster known as Obamacare,,,,1,,,,,,,,,,,,2.0,"terrible trade deals, disaster"
76,DT_remarks_502.txt,DT,We are also going to replace a failed political class that has betrayed our workers spent trillions on endless foreign wars without victory and destroyed our middle class,,,,,,,,,,,,1,,,,1.0,"""a failed political class that has betrayed our workers spent trillions on endless foreign wars without victory and destroyed our middle class """"Your jobs will come back under a Trump Administration Your incomes will go up under a Trump Administration Your taxes will go way"""
77,DT_remarks_502.txt,DT,"Your companies wont be leaving Maine under a Trump Administration."" We are going to be a rich country again",,,,1,,,,,,,,,,,,1.0,rich country
78,DT_remarks_502.txt,DT,"""Hillary speaks in secret to Goldman Sachs – her private position – then lies to you the public with her public position",,,1,,,,,,,,,,,,,2.0,"her private position, ""then lies to you the public with her public position Its all a fraud."""""""
79,DT_remarks_502.txt,DT,"Its all a fraud."" Hillary Clinton deleted 33000 emails – after a Congressional Subpoena – she lied to Congress under oath she made 13 phones disappear some with a hammer and now we learn 2 boxes of email evidence mysteriously went missing",,,,,,1,,,,,,,,,,1.0,disappear some with a hammer
80,DT_remarks_502.txt,DT,"""Hillary Clinton should have been prosecuted and gone to jail for her crimes",,,,,,1,,,,,,,,,,1.0,"""""""Hillary Clinton should have been prosecuted and gone to jail for her crimes The FBI and the Department of Justice created a fraud in allowing Hillary Clinton to get away with her terrible crimes – and I guarantee you the Clintons are laughing at"""
81,DT_remarks_502.txt,DT,"The Directors performance in Congress coupled with Bill Clintons clandestine meeting on the tarmac in the Attorney Generals airplane just prior to decision-time on Hillary – supposedly talking about golf and grandchildren – is perhaps the lowest point in those departments history."" Instead of being held accountable Hillary is running for President in what looks like a rigged election",,,,,,2,,,,,,,,,,2.0,"the lowest point, Instead of being held accountable Hillary is running for President in what looks like a rigged election The election is being rigged by corrupt media"
82,DT_remarks_502.txt,DT,This will finally be the year the American people say: Enough is Enough,,,,1,,,,,,,,,,,,1.0,American people
83,DT_remarks_502.txt,DT,"Speaking in secret to a foreign bank Hillary Clinton said her dream is for totally ""open trade and open borders."" Hillary and Bill raise millions of dollars from global interest groups who have no allegiance to this country or its workers",,,,,,,,1,,,,,,,,1.0,who have no allegiance to this country or its workers
84,DT_remarks_502.txt,DT,"By ""open trade"" she means foreign countries can cheat us out of millions of jobs and trillions of dollars",,,,,,,,,,,,1,,,,1.0,"""""""open trade"""" she means foreign countries can cheat us out of millions of jobs and trillions of dollars By """"open borders"""" she means totally unlimited immigration Either we win the election or we lose the country """"H"""
85,DT_remarks_502.txt,DT,"By ""open borders"" she means totally unlimited immigration",,,,,,,,,,,,2,,,,2.0,"""""""open borders"""""", ""totally unlimited immigration Either we win the election or we lose the country """""""
86,DT_remarks_502.txt,DT,"If Im elected President I am going to keep Radical Islamic Terrorists out of our country."" We will also stop the crisis of illegal immigration",,,1,,,,,,,,,,,,,2.0,"Radical Islamic Terrorists, ""our country."""""""
87,DT_remarks_502.txt,DT,A Trump Administration will secure and defend our borders,,,,,,,,1,,,,,,,,1.0,our borders
88,DT_remarks_502.txt,DT,In August Texas Police arrested a serial illegal immigrant rapist who had been deported five times including one 68 year-old woman with a cane who took his offer to drive her home,,,,1,,,,,,,,,,,,1.0,serial illegal immigrant rapist
89,DT_remarks_502.txt,DT,"What kind of government allows its own people to suffer such horrors? ""As Secretary of State Hillary Clinton allowed thousands of criminal aliens to be released because their home countries wouldnt take them back",,,,,,,,1,,,,,,,,1.0,What kind of government allows its own people to suffer such horrors
90,DT_remarks_502.txt,DT,"Among those she allowed to go free was a criminal alien who had previously been convicted for shooting a girl in the head – after his release he viciously murdered a young girl name Casey Chadwick."" A wall will not only keep out criminals but it will also keep out the drugs and heroin poisoning our youth",,,,1,,,,,,,,,,,,2.0,"criminal alien, viciously"
91,DT_remarks_502.txt,DT,My plan begins with a strong border includes the prosecution of drug dealers and dramatically expands access to life-saving treatments that will help people unchain themselves from this terrible addiction,,,,1,,,,,,,,,,,,1.0,terrible
92,DT_remarks_502.txt,DT,But if we are going to bring hope back to suffering Americans we must also solve our jobs crisis,,,,1,,,,,,,,,,,,1.0,suffering Americans
93,DT_remarks_502.txt,DT,At the center of our economic revival will be fixing our terrible trade deals,,,,1,,,,,,,,,,,,1.0,terrible
94,DT_remarks_502.txt,DT,We have nearly an $800 billion annual trade deficit in goods with the world and the worst so-called recovery since the Great Depression,,,,1,,,,,,,,,,,,1.0,the worst so-called recovery
95,DT_remarks_502.txt,DT,Since China entered the World Trade Organization – another Bill and Hillary-backed deal – 70000 factories have shut down or left the United States,,,1,,,,,,,,,,,,,1.0,another
96,DT_remarks_502.txt,DT,"""Thats 15 factories closing a day on average."" We are living through the greatest jobs theft in the history of the world",,,,1,,,,,,,,,,,,1.0,"""the greatest jobs theft in the history of the world """""""
97,DT_remarks_502.txt,DT,"Its the most pro-growth economic plan in American history."" We are also going to protect the right of the people of Maine to use their own land",,,,,1,,,,,,,,,,,1.0,the most pro-growth economic plan
98,DT_remarks_502.txt,DT,It is just another federal overreach that is going to do more harm than good,,,,1,,,,,,,,,,,,1.0,just another federal overreach that is going to do more harm than good Obama and Clinton dont care that this area badly needs jobs and growth
99,DT_remarks_502.txt,DT,"Americas comeback begins on November 8th."" Here are some of the amazing things we are going to do for our country starting in 2017: We are going to have the biggest tax cut since Ronald Reagan; eliminate every unnecessary regulation; defend religious liberty; reduce the cost of tuition; provide school choice to every low-income child in America; rebuild our depleted military and take care of our vets; support the men and women of law enforcement; repeal and replace Obamacare; save the 2nd amendment; and appoint Justices to the Supreme Court who will uphold and defend the Constitution of the United States",,,,2,,,,,,,,,,,,4.0,"our country, the biggest tax cut, our country, the biggest tax cut since Ronald Reagan"
100,DT_remarks_502.txt,DT,You have 24 days to make every dream you ever dreamed of for your country come true,,,,,,,,1,,,,,,,,1.0,every dream you ever dreamed of for your country
101,DT_remarks_502.txt,DT,will come face to face with the righteous verdict of the American voter,,,,1,,,,,,,,,,,,1.0,the righteous verdict of the American voter
102,DT_remarks_502.txt,DT,"Im going to fight for every mom whose lost her child to illegal immigration and drugs and gang violence."" ""Im going to fight for every worker who deserves a raise and for every community whose jobs and dreams have been ripped out and shipped to other countries."" ""Im going to fight for every person in this country who believes government should serve the people – not the donors."" ""Im going to fight for every patriotic citizen that Hillary Clinton slanders as deplorable and irredeemable – and I am going to be a President for all of our citizens."" I am going to fight to bring us together as Americans",,,,1,,,,,,,,,,,,5.0,"""gang violence."""""", ""ripped out and shipped to other countries."""""", ""every person in this country who believes government should serve the people – not the donors."""""", every patriotic citizen that Hillary Clinton slanders as deplorable and irredeemable, ""a President for all of our citizens."""""""
103,DT_remarks_502.txt,DT,Imagine what our country could accomplish if we started working together as One People under One God saluting One American Flag,,,,,,,,1,,,,,,,,1.0,"""under One God saluting One American Flag """""""
104,DT_remarks_502.txt,DT,"Youre going to look back at this election and say this is by far the most important vote youve ever cast for anyone at any time."" Once again we are going to have a government of by and for the people",,,,,1,,,,,,,,,,,2.0,"by far the most important vote, a government of by and for the people We will make America wealthy again We will make America powerful again We will make America strong"
105,DT_remarks_502.txt,DT,We will make America wealthy again,,,,1,,,,,,,,,,,,1.0,We will make America wealthy again We will make America powerful again We will make America strong again We will make America safe again And we will make America great again
106,DT_remarks_516.txt,DT,"We are a very divided nation.n"" ""Im not a politician and have never wanted to be a politician believe me",,,,,,,,1,,,,,,,,1.0,"""very divided nation.n"""""""
107,DT_remarks_516.txt,DT,"But when I saw the trouble our country was in I knew I couldnt stand by and watch any longer.n"" Our country has been so good to me",,,,1,,,,,,,,,,,,1.0,Our country has been so good to me
108,DT_remarks_516.txt,DT,"Ive been a major part of it.n"" ""I know how the game works in Washington and on Wall Street and I know how theyve rigged the rules of the game against everyday Americans",,,,1,,,,,,,,,,,,1.0,everyday Americans
109,DT_remarks_516.txt,DT,"45 million Americans are on food stamps and 47 million are living in poverty.n"" We have failed our inner cities and in so doing have failed our African-American and Hispanic communities.n ""Weve misguided military adventures overseas and wars that go on forever that just cannot be won by the people that are doing it now",,,,,,,,1,,,,,,,,1.0,"""We have failed our inner cities and in so doing have failed our African-American and Hispanic communities.n """"Weve misguided military adventures overseas and wars that go on forever that just cannot be won by the people that are doing it now They dont know how to win the wars at home.n"""""""
110,DT_remarks_516.txt,DT,"They dont know how to win the wars at home.n"" We have our great veterans dying while waiting for medical care.n Change has to come from outside our very broken system",,,,1,,,,,,,,,,,,1.0,great
111,DT_remarks_516.txt,DT,Our system is broken.n The fact that Washington and the Washington establishment has tried so hard to stop our campaign is only more proof that our campaign represents the kind of change that only arrives once-in-a-lifetime,,,,,,,,1,,,,,,,,1.0,the kind of change that only arrives once-in-a-lifetime
112,DT_remarks_516.txt,DT," n ""The system is totally rigged and broken",,,,,,,,1,,,,,,,,1.0,"""""""The system is totally rigged"""
113,DT_remarks_516.txt,DT,"Also then there is the deletion of at least 33000 emails after receiving a subpoena from the United States Congress thats after receiving the subpoena as an example.n"" It was announced this week that the highly-respected four-star general James Cartwright maybe sentenced to up to five years in prison with a massive fine for lying on one occasion to the FBI",,,,,,,,1,,,,,,,,1.0,highly-respected
114,DT_remarks_516.txt,DT,He said he did that for national security reasons.n Highly respected man,,,,,,,,1,,,,,,,,1.0,Highly respected
115,DT_remarks_516.txt,DT,How must he feel,,,,,,,,1,,,,,,,,1.0,"""How must he feel A big part of the rigging of this election is the fact that Hillary is being allowed to run despite having broken so many laws on so many different occasions.n """"Why is she allowed to"""
116,DT_remarks_516.txt,DT,"A big part of the rigging of this election is the fact that Hillary is being allowed to run despite having broken so many laws on so many different occasions.n ""Why is she allowed to run? The dishonest mainstream media is also part in a major part of this corruption",,,1,,,,,,,,,,,,,2.0,"The dishonest mainstream media, ""corruption Theyre corrupt They lie and fabricate stories to make a candidate that is being allowed to run despite having broken so many laws on so many different occasions.n """"Why is she allowed to run"""
117,DT_remarks_516.txt,DT,Theyre corrupt,,,,,,1,,,,,,,,,,1.0,"""Theyre corrupt They lie and fabricate stories to make a candidate that is not their preferred choice look as bad and even dangerous as possible.n"""""""
118,DT_remarks_516.txt,DT,"They lie and fabricate stories to make a candidate that is not their preferred choice look as bad and even dangerous as possible.n"" At my rallies they never show or talk about the massive crowd size and try to diminish all of our events.n ""On the other hand they dont show the small size of Hillarys crowds but in fact talk about how many people are there",,,,,,1,,,,,,,,,,1.0,they never show
119,DT_remarks_516.txt,DT,"They refused to talk about it.n"" ""Theyre trying desperately to suppress my vote and the voice of the American people as an example of the power structure and fighting",,,,,,1,,,,,,,,,,1.0,"""""""Theyre trying desperately to suppress my vote and the voice of the American people"""
120,DT_remarks_516.txt,DT,"Its not paying and its a very unfair playing field and you see what thats happening and what thats doing to department stores all over the country.n"" ""Very very unfair and youre talking about billions and billions of dollars",,,,,,1,,,,,,,,,,1.0,very unfair playing field
121,DT_remarks_516.txt,DT,"They should be paying those taxes.n"" ""Additionally Comcast purchase of NBC concentrates far too much power in one massive entity that is trying to tell the voters what to think and what to do",,,,,,2,,,,,,,,,,2.0,"concentrates far too much power, one massive entity that is trying to tell the voters what to think and what to do Deals"
122,DT_remarks_516.txt,DT,"Deals like this destroy democracy and well look at breaking that deal up and other deals like that.n"" ""This should never ever have been approved in the first place",,,,1,,,,,,,,,,,,1.0,destroy democracy
123,DT_remarks_516.txt,DT,"All of these liars will be sued after the election is over but a simple phone called placed to the biggest newspapers or television networks get them wall-to-wall coverage with virtually no fact-checking whatsoever.n"" Here is why this is relevant to you",,,,1,,,,,,,,,,,,2.0,"liars, ""with virtually no fact-checking whatsoever.n"""""""
124,DT_remarks_516.txt,DT,Just like we found out about these paid violent protesters it was probably the DNC and the Clinton campaign that put forward these liars with their fabricated stories,,,,2,,,,,,,,,,,,3.0,"paid violent protesters, liars, fabricated stories"
125,DT_remarks_516.txt,DT,"But well find out their involvement at a later date through litigation and I look so forward to doing.n"" ""The rigging of the system is designed for one reason to keep the corrupt establishment and special interests in power at your expense and everybodys expense.n"" I have no special interest but you the American Vogel",,,,,,2,,,,,,,,,,2.0,"""""""The rigging of the system is designed for one reason to keep the corrupt establishment and special interests in power at your expense and everybodys expense.n"""""", ""you the American Vogel n """"I didnt have to do this"""
126,DT_remarks_516.txt,DT,"Theres nothing easy about it but I had to do it.n"" I love our country.n I love the people of our country and I felt I had to do it",,,,,,1,,,,,,,,,,2.0,"I love our country.n, our country"
127,DT_remarks_516.txt,DT,"One thing we all know is that we will never solve our problems by relying on the same politicians who created these problems in the first place.n ""Hillary Clinton is not running against me shes running against change and shes running against all of the American people and all of the American voters",,,,,,2,,,,,,,,,,2.0,"""we will never solve our problems by relying on the same politicians who created these problems in the first place.n """""", ""shes running against all of the American people and all of the American voters """""""
128,DT_remarks_516.txt,DT,""" n We now find ourselves at that very special fork in the road do we repeat the mistakes of the past or do we choose to believe that a great future yet unwritten still lies ahead for us and for our wonderful beloved country",,,,,,1,,,,,,,,,,1.0,our wonderful beloved
129,DT_remarks_516.txt,DT,"Its a one lane highway where they get the jobs they get the factories they get the money and we get the drugs and we get the unemployment and its going to change.n"" ""Believe me its going to change",,,,,,1,,,,,,,,,,1.0,"""""""Believe me its going to change """""""
130,DT_remarks_516.txt,DT,"When you look at China when you look at every trade deal we have is horrible and we should be ashamed of a people and the people that let those deals happen.n ""Theyre defective and they knew they were defective and they were done for a reason",,,,,,1,,,,,,,,,,1.0,"""horrible and we should be ashamed of a people and the people that let those deals happen.n """""""
131,DT_remarks_516.txt,DT,"We will have great trade and itll be free trade but itll be fair trade and itll be real.n"" My security plan so important.n ""Theyve taken the jobs from us.n"" My security plan will bring safety to our poorest communities.n My ethics plan will end corruption in our government",,,,,,1,,,,,,,,,,1.0,our government
132,DT_remarks_516.txt,DT,Im asking the American people to rise above the noise and the clutter of our broken politics and to embrace that great faith and optimism that has always been the central ingredient in the American character and theres nothing better or stronger than the American character,,,,1,,,,,,,,,,,,4.0,"American people, noise and the clutter, broken politics, ""theres nothing better or stronger than the American character """""""
133,DT_remarks_516.txt,DT,""" n I am asking the American people to dream big once again.n ""What follows is my 100-day action plan to Make America Great Again",,,,,,1,,,,,,,,,,1.0,Make America Great Again
134,DT_remarks_516.txt,DT,"Its a contract between Donald J Trump and the American voter – and begins with bringing honesty accountability and change to Washington DC.n"" Therefore on the first day of my term of office my administration will immediately pursue the following six measures to clean up the corruption and special interest collusion in Washington DC:n FIRST a Constitutional Amendment to impose term limits on all members of Congress",,,,,,1,,,,,,,,,,1.0,contract between Donald J Trump and the American voter
135,DT_remarks_516.txt,DT,Regulations are killing our country and our jobs,,,,1,,,,,,,,,,,,1.0,killing our country and our jobs
136,DT_remarks_516.txt,DT,""" n ""On the same day I will begin taking and really taking strongly 7 actions to protect American workers",,,,,,1,,,,,,,,,,1.0,protect American workers Our American workers have been treated so badly by politicians that dont have their interest at heart
137,DT_remarks_516.txt,DT,Our American workers have been treated so badly by politicians that dont have their interest at heart and we are going to change that,,,,,,1,,,,,,,,,,1.0,politicians that dont have their interest at heart
138,DT_remarks_516.txt,DT,"Were going to change that very very fast.n"" FIRST I will announce my intention to totally renegotiate NAFTA one of the worst deals our country has ever made signed by Bill Clinton or withdraw from the deal under Article 2205",,,,,,1,,,,,,,,,,1.0,the worst deals our country has ever made
139,DT_remarks_516.txt,DT, n SECOND I will announce our withdrawal from the Trans-Pacific Partnership a potential disaster for our country,,,,1,,,,,,,,,,,,1.0,potential disaster for our country
140,DT_remarks_516.txt,DT," n ""THIRD I will direct my Secretary of the Treasury to label China a currency manipulator",,,,1,,,,,,,,,,,,1.0,currency manipulator
141,DT_remarks_516.txt,DT,China is a currency manipulator,,,,1,,,,,,,,,,,,1.0,currency manipulator
142,DT_remarks_516.txt,DT,"Tremendous numbers of jobs and good for our country.n"" SEVENTH we are going to cancel billions in payments to U.N",,,,1,,,,,,,,,,,,1.0,"""good for our country.n"""""""
143,DT_remarks_516.txt,DT,Were paying billions and billions and billions of dollars,,,,1,,,,,,,,,,,,1.0,billions and billions
144,DT_remarks_516.txt,DT,"We have to do that.n FIRST cancel every unconstitutional executive action memorandum and order issued by President Obama.n ""SECOND begin the process of selecting a replacement for Justice Scalia whose wife by the way has a Trump sign",,,,,,1,,,,,,,,,,1.0,whose wife by the way has a Trump sign His wife is a phenomenal woman Has a Trump sign in her front yard
145,DT_remarks_516.txt,DT,His wife is a phenomenal woman,,,1,,,,,,,,,,,,,1.0,phenomenal woman
146,DT_remarks_516.txt,DT," n ""FOURTH we will begin removing the more than 2 million criminal illegal immigrants from the country these are drug dealers gang heads gang members killers and cancel visas to foreign countries that wont take them back "" "" and when Hillary Clinton was Secretary of State and they had someone who was bad really bad and they brought him back to the country and the country wouldnt take him",,,,,,,,,,,,,,2,,3.0,"criminal illegal immigrants, drug dealers gang heads gang members killers, bad really bad"
147,DT_remarks_516.txt,DT,""" n ""FIFTH Were going to suspend immigration from terror-prone regions where vetting cannot safely occur",,,,,,,1,,,,,,,,,1.0,terror
148,DT_remarks_516.txt,DT,Radical Islamic terror is right around the corner,,,,1,,,,,,,,,,,,1.0,"""Radical Islamic terror is right around the corner We have to be so tough so smart so vigilant We cant allow that to happen """""""
149,DT_remarks_516.txt,DT,  We need that so badly,,,,1,,,,,,,,,,,,1.0,We need that so badly We need jobs Our jobs have left us Our good jobs have really left us.n
150,DT_remarks_516.txt,DT,Called the forgotten man and woman,,,,1,,,,,,,,,,,,1.0,forgotten man
151,DT_remarks_516.txt,DT,VA is in very very bad shape and we will fix that,,,,,,,,1,,,,,,,,1.0,very very
152,DT_remarks_516.txt,DT,""" "" It expands vocational and technical education which weve totally forgotten about in this country and make 2 and 4-year college more affordable.n"" ""Have you ever gone to school and youve been with people that arent good students but they can fix an engine or they can build a wall or they can do things that you wouldnt even think about because we can use some of the one who build the wall "" "" were going to need them "" "" were going to need them but did you ever see that how they are genius at fixing a car? They can do anything but history not so good physics not so good we have to open vocational again",,,,2,,,,,,,,,,,,2.0,"genius, genius"
153,DT_remarks_516.txt,DT,The politicians wont let go of it because the insurance companies they dont want competition but well open it up,,,,,,,,,,,,1,,,,1.0,wont let go of it
154,DT_remarks_516.txt,DT,Mean they are looking at drugs that are looking very good and you have terminal patients that its over these people are dying they want to get the drug,,,,,,,,,,,,1,,,,2.0,"terminal patients, dying"
155,DT_remarks_516.txt,DT,We increase the resources for federal law enforcement agencies and federal prosecutors to dismantle criminal gangs and put violent offenders behind bars   or out of our country and into the country where they came from,,,,1,,,,,,,,,,,,1.0,violent offenders
156,DT_remarks_516.txt,DT,""" n ""Our military is so terribly depleted",,,,1,,,,,,,,,,,,1.0,terribly
157,DT_remarks_516.txt,DT,If theyre waiting on line and I have the plan up and weve gotten as you know tremendous support from veterans from law enforcement from veterans from the military tremendous support,,,,,,,,,,,,2,,,,2.0,"tremendous, tremendous support"
158,DT_remarks_516.txt,DT,So much cheaper but much more importantly the veterans will finally be taken care of properly because what they are going through now is unacceptable,,,,,,,,,,,,1,,,,1.0,"""unacceptable """""""
